Email,DatasetID,ProjectName,ProjectCategory
aiden.brown40@protonmail.com,560,Visualization,Business
aiden.brown40@protonmail.com,1099,"Analytics Dashboard","Public Service"
aiden.brown40@protonmail.com,1651,"Data Analysis",Government
aiden.brown40@protonmail.com,1709,Visualization,Business
aiden.brown40@protonmail.com,1985,"Public Study","Public Service"
aiden.jones77@yahoo.com,126,"Analytics Dashboard",Academic
aiden.jones77@yahoo.com,1330,"Research Project",Science
aiden.jones77@yahoo.com,1567,"Analytics Dashboard",Academic
aiden.jones77@yahoo.com,1615,"Analytics Dashboard",Academic
aiden.jones77@yahoo.com,1999,"Public Study",Science
aiden.kowalski16@yahoo.com,246,"Public Study",Academic
aiden.kowalski16@yahoo.com,821,"Data Analysis",Government
aiden.kowalski16@yahoo.com,899,"Public Study",Government
aiden.kowalski16@yahoo.com,1069,Visualization,"Public Service"
aiden.kowalski16@yahoo.com,1576,"Analytics Dashboard","Public Service"
aiden.martin91@outlook.com,24,"Public Study",Academic
aiden.martin91@outlook.com,335,"Analytics Dashboard","Public Service"
aiden.martin91@outlook.com,673,"Research Project",Academic
aiden.martin91@outlook.com,798,Visualization,Science
aiden.martin91@outlook.com,1245,Visualization,"Public Service"
aiden.park43@icloud.com,529,"Analytics Dashboard",Academic
aiden.park43@icloud.com,649,"Data Analysis",Government
aiden.park43@icloud.com,925,Visualization,Science
aiden.park43@icloud.com,1303,"Data Analysis",Business
aiden.park43@icloud.com,1435,Visualization,Government
aiden.tanaka24@yahoo.com,2,"Analytics Dashboard",Academic
aiden.tanaka24@yahoo.com,198,"Data Analysis",Government
aiden.tanaka24@yahoo.com,784,"Data Analysis",Business
aiden.tanaka24@yahoo.com,1104,"Public Study","Public Service"
aiden.tanaka24@yahoo.com,1297,"Public Study",Government
aiden.white96@outlook.com,195,"Research Project",Government
aiden.white96@outlook.com,410,"Public Study",Government
aiden.white96@outlook.com,486,"Public Study",Academic
aiden.white96@outlook.com,889,Visualization,Business
aiden.white96@outlook.com,1197,"Public Study",Business
ali.hassan60@protonmail.com,65,"Analytics Dashboard",Academic
ali.hassan60@protonmail.com,223,"Analytics Dashboard",Academic
ali.hassan60@protonmail.com,840,"Public Study","Public Service"
ali.hassan60@protonmail.com,896,"Public Study","Public Service"
ali.hassan60@protonmail.com,1753,"Policy Research",Academic
ali.jackson94@gmail.com,364,"Data Analysis","Public Service"
ali.jackson94@gmail.com,1325,"Analytics Dashboard","Public Service"
ali.jackson94@gmail.com,1391,"Analytics Dashboard",Academic
ali.jackson94@gmail.com,1442,"Public Study",Government
ali.jackson94@gmail.com,1622,"Policy Research",Business
ali.jones52@gmail.com,423,"Policy Research",Science
ali.jones52@gmail.com,736,"Research Project",Business
ali.jones52@gmail.com,1325,"Data Analysis",Academic
ali.jones52@gmail.com,1462,"Data Analysis",Science
ali.jones52@gmail.com,1633,Visualization,"Public Service"
ali.lee15@hotmail.com,181,"Analytics Dashboard",Government
ali.lee15@hotmail.com,899,"Policy Research",Government
ali.lee15@hotmail.com,1062,"Research Project",Academic
ali.lee15@hotmail.com,1124,"Public Study",Academic
ali.lee15@hotmail.com,1562,"Public Study",Science
ali.martinez38@yahoo.com,337,"Policy Research","Public Service"
ali.martinez38@yahoo.com,417,"Policy Research",Business
ali.martinez38@yahoo.com,881,"Policy Research",Science
ali.martinez38@yahoo.com,1716,Visualization,Business
ali.martinez38@yahoo.com,1849,"Research Project",Science
ali.park89@hotmail.com,334,"Policy Research",Academic
ali.park89@hotmail.com,647,"Research Project",Science
ali.park89@hotmail.com,1212,"Analytics Dashboard",Science
ali.park89@hotmail.com,1218,"Policy Research","Public Service"
ali.park89@hotmail.com,1843,Visualization,Government
amara.jackson42@icloud.com,494,"Policy Research",Business
amara.jackson42@icloud.com,823,"Analytics Dashboard",Business
amara.jackson42@icloud.com,1487,"Policy Research",Academic
amara.jackson42@icloud.com,1697,"Analytics Dashboard","Public Service"
amara.jackson42@icloud.com,1753,"Policy Research",Business
amara.kowalski26@gmail.com,91,"Public Study",Government
amara.kowalski26@gmail.com,467,"Research Project",Business
amara.kowalski26@gmail.com,883,Visualization,Academic
amara.kowalski26@gmail.com,1459,"Analytics Dashboard","Public Service"
amara.kowalski26@gmail.com,1982,"Public Study","Public Service"
amara.lopez98@yahoo.com,119,"Public Study","Public Service"
amara.lopez98@yahoo.com,1008,Visualization,Science
amara.lopez98@yahoo.com,1040,Visualization,Academic
amara.lopez98@yahoo.com,1250,"Data Analysis","Public Service"
amara.lopez98@yahoo.com,1941,"Policy Research",Business
amara.nkosi17@icloud.com,511,"Public Study",Government
amara.nkosi17@icloud.com,541,"Analytics Dashboard",Academic
amara.nkosi17@icloud.com,1010,"Policy Research",Business
amara.nkosi17@icloud.com,1668,"Research Project",Science
amara.nkosi17@icloud.com,1821,"Analytics Dashboard",Academic
ava.anderson19@protonmail.com,756,"Policy Research","Public Service"
ava.anderson19@protonmail.com,914,"Research Project",Government
ava.anderson19@protonmail.com,1118,"Data Analysis","Public Service"
ava.anderson19@protonmail.com,1281,"Analytics Dashboard",Government
ava.anderson19@protonmail.com,1440,"Data Analysis","Public Service"
ava.anderson36@outlook.com,372,"Data Analysis","Public Service"
ava.anderson36@outlook.com,420,Visualization,Science
ava.anderson36@outlook.com,985,"Research Project",Government
ava.anderson36@outlook.com,1082,"Analytics Dashboard",Business
ava.anderson36@outlook.com,1950,"Analytics Dashboard",Business
ava.brown5@outlook.com,493,"Policy Research",Business
ava.brown5@outlook.com,723,"Analytics Dashboard",Government
ava.brown5@outlook.com,1551,"Analytics Dashboard",Academic
ava.brown5@outlook.com,1809,Visualization,Science
ava.brown5@outlook.com,1988,"Research Project",Science
ava.taylor37@gmail.com,451,"Policy Research",Business
ava.taylor37@gmail.com,718,"Policy Research",Business
ava.taylor37@gmail.com,918,"Research Project","Public Service"
ava.taylor37@gmail.com,1325,"Research Project",Business
ava.taylor37@gmail.com,1645,"Public Study",Academic
ava.taylor86@hotmail.com,146,"Analytics Dashboard",Academic
ava.taylor86@hotmail.com,228,"Research Project",Academic
ava.taylor86@hotmail.com,702,Visualization,Science
ava.taylor86@hotmail.com,817,"Analytics Dashboard",Academic
ava.taylor86@hotmail.com,1100,"Analytics Dashboard",Business
carlos.muller30@protonmail.com,505,"Policy Research","Public Service"
carlos.muller30@protonmail.com,579,"Public Study",Science
carlos.muller30@protonmail.com,908,"Policy Research","Public Service"
carlos.muller30@protonmail.com,1600,Visualization,Science
carlos.muller30@protonmail.com,1653,"Data Analysis",Science
carlos.wilson74@yahoo.com,142,Visualization,Government
carlos.wilson74@yahoo.com,500,"Policy Research",Science
carlos.wilson74@yahoo.com,573,Visualization,"Public Service"
carlos.wilson74@yahoo.com,1328,"Public Study","Public Service"
carlos.wilson74@yahoo.com,1370,Visualization,Academic
chloe.ahmed45@outlook.com,302,"Analytics Dashboard",Academic
chloe.ahmed45@outlook.com,409,"Research Project",Science
chloe.ahmed45@outlook.com,672,"Research Project",Academic
chloe.ahmed45@outlook.com,1357,"Public Study","Public Service"
chloe.ahmed45@outlook.com,1836,"Research Project",Academic
chloe.petrov45@icloud.com,236,"Research Project",Government
chloe.petrov45@icloud.com,240,"Data Analysis","Public Service"
chloe.petrov45@icloud.com,1415,"Analytics Dashboard","Public Service"
chloe.petrov45@icloud.com,1492,"Public Study",Academic
chloe.petrov45@icloud.com,1762,"Research Project",Science
diego.diallo82@gmail.com,740,"Public Study",Academic
diego.diallo82@gmail.com,850,"Analytics Dashboard",Business
diego.diallo82@gmail.com,1422,"Research Project","Public Service"
diego.diallo82@gmail.com,1778,"Data Analysis",Science
diego.diallo82@gmail.com,1923,"Data Analysis",Government
diego.lee49@outlook.com,522,"Policy Research",Science
diego.lee49@outlook.com,533,"Policy Research","Public Service"
diego.lee49@outlook.com,1298,"Public Study",Science
diego.lee49@outlook.com,1441,"Policy Research",Business
diego.lee49@outlook.com,1587,"Analytics Dashboard",Government
diego.williams8@outlook.com,411,"Public Study",Science
diego.williams8@outlook.com,443,"Data Analysis",Science
diego.williams8@outlook.com,693,Visualization,Business
diego.williams8@outlook.com,924,"Research Project",Academic
diego.williams8@outlook.com,1693,Visualization,"Public Service"
emma.ali54@gmail.com,277,"Analytics Dashboard",Academic
emma.ali54@gmail.com,879,"Public Study",Academic
emma.ali54@gmail.com,1181,Visualization,Academic
emma.ali54@gmail.com,1346,"Analytics Dashboard",Science
emma.ali54@gmail.com,1516,"Public Study",Government
emma.dubois78@yahoo.com,705,"Policy Research",Academic
emma.dubois78@yahoo.com,1286,"Public Study",Science
emma.dubois78@yahoo.com,1328,"Data Analysis",Government
emma.dubois78@yahoo.com,1766,"Policy Research",Academic
emma.dubois78@yahoo.com,1931,Visualization,Science
emma.martinez59@yahoo.com,908,"Research Project",Academic
emma.martinez59@yahoo.com,1116,"Public Study",Academic
emma.martinez59@yahoo.com,1132,"Policy Research",Business
emma.martinez59@yahoo.com,1412,"Analytics Dashboard","Public Service"
emma.martinez59@yahoo.com,1562,"Analytics Dashboard",Business
emma.taylor39@gmail.com,120,"Data Analysis",Business
emma.taylor39@gmail.com,685,"Analytics Dashboard","Public Service"
emma.taylor39@gmail.com,1060,"Policy Research","Public Service"
emma.taylor39@gmail.com,1339,"Policy Research",Government
emma.taylor39@gmail.com,1453,"Data Analysis",Academic
ethan.kim7@hotmail.com,79,"Data Analysis",Science
ethan.kim7@hotmail.com,231,Visualization,Business
ethan.kim7@hotmail.com,355,"Public Study",Academic
ethan.kim7@hotmail.com,1165,"Analytics Dashboard",Academic
ethan.kim7@hotmail.com,1377,"Public Study",Business
ethan.tanaka98@yahoo.com,426,"Data Analysis",Science
ethan.tanaka98@yahoo.com,1060,"Policy Research",Business
ethan.tanaka98@yahoo.com,1270,"Research Project","Public Service"
ethan.tanaka98@yahoo.com,1313,Visualization,Government
ethan.tanaka98@yahoo.com,1462,"Data Analysis",Government
ethan.williams60@icloud.com,420,"Research Project",Academic
ethan.williams60@icloud.com,563,Visualization,Government
ethan.williams60@icloud.com,979,"Policy Research",Science
ethan.williams60@icloud.com,1399,"Policy Research",Government
ethan.williams60@icloud.com,1515,"Research Project",Government
fatima.chen80@gmail.com,780,"Data Analysis","Public Service"
fatima.chen80@gmail.com,808,"Public Study",Science
fatima.chen80@gmail.com,1464,"Research Project",Business
fatima.chen80@gmail.com,1520,Visualization,Government
fatima.chen80@gmail.com,1972,"Public Study","Public Service"
fatima.moreno57@protonmail.com,60,Visualization,Government
fatima.moreno57@protonmail.com,522,"Public Study",Government
fatima.moreno57@protonmail.com,1011,"Analytics Dashboard",Academic
fatima.moreno57@protonmail.com,1347,"Policy Research","Public Service"
fatima.moreno57@protonmail.com,1606,"Policy Research",Government
fatima.nkosi32@protonmail.com,112,"Analytics Dashboard","Public Service"
fatima.nkosi32@protonmail.com,253,"Public Study",Academic
fatima.nkosi32@protonmail.com,456,"Analytics Dashboard",Science
fatima.nkosi32@protonmail.com,467,"Analytics Dashboard","Public Service"
fatima.nkosi32@protonmail.com,676,"Analytics Dashboard",Government
fatima.nkosi95@hotmail.com,123,"Research Project",Government
fatima.nkosi95@hotmail.com,628,Visualization,"Public Service"
fatima.nkosi95@hotmail.com,653,"Analytics Dashboard",Government
fatima.nkosi95@hotmail.com,1207,"Data Analysis",Government
fatima.nkosi95@hotmail.com,1880,Visualization,Business
hannah.thompson64@hotmail.com,6,"Analytics Dashboard","Public Service"
hannah.thompson64@hotmail.com,1299,Visualization,Academic
hannah.thompson64@hotmail.com,1401,"Research Project",Government
hannah.thompson64@hotmail.com,1428,Visualization,Business
hannah.thompson64@hotmail.com,1703,"Public Study",Government
isabella.dubois47@hotmail.com,81,"Research Project",Academic
isabella.dubois47@hotmail.com,559,"Public Study",Government
isabella.dubois47@hotmail.com,1270,"Public Study",Government
isabella.dubois47@hotmail.com,1298,"Research Project","Public Service"
isabella.dubois47@hotmail.com,1401,"Analytics Dashboard",Business
isabella.hassan9@protonmail.com,410,"Public Study",Government
isabella.hassan9@protonmail.com,471,"Data Analysis",Academic
isabella.hassan9@protonmail.com,540,"Research Project","Public Service"
isabella.hassan9@protonmail.com,805,"Research Project",Government
isabella.hassan9@protonmail.com,1264,Visualization,Business
isabella.johnson75@protonmail.com,690,"Data Analysis",Science
isabella.johnson75@protonmail.com,726,"Policy Research","Public Service"
isabella.johnson75@protonmail.com,751,"Research Project",Academic
isabella.johnson75@protonmail.com,1316,"Analytics Dashboard",Government
isabella.johnson75@protonmail.com,1562,"Policy Research",Business
isabella.martinez76@icloud.com,1,"Public Study",Business
isabella.martinez76@icloud.com,87,"Public Study",Academic
isabella.martinez76@icloud.com,950,"Research Project",Academic
isabella.martinez76@icloud.com,1146,"Public Study",Science
isabella.martinez76@icloud.com,1944,"Data Analysis",Science
ivan.dubois86@gmail.com,76,"Public Study",Academic
ivan.dubois86@gmail.com,88,"Research Project","Public Service"
ivan.dubois86@gmail.com,907,"Public Study",Business
ivan.dubois86@gmail.com,1209,"Public Study",Academic
ivan.dubois86@gmail.com,1572,Visualization,Government
ivan.nkosi21@icloud.com,319,"Research Project","Public Service"
ivan.nkosi21@icloud.com,390,Visualization,"Public Service"
ivan.nkosi21@icloud.com,567,"Policy Research",Academic
ivan.nkosi21@icloud.com,1052,"Public Study","Public Service"
ivan.nkosi21@icloud.com,1949,"Research Project",Business
ivan.taylor80@outlook.com,509,Visualization,Business
ivan.taylor80@outlook.com,795,"Data Analysis",Academic
ivan.taylor80@outlook.com,1088,"Analytics Dashboard",Business
ivan.taylor80@outlook.com,1677,Visualization,"Public Service"
ivan.taylor80@outlook.com,1961,Visualization,"Public Service"
jackson.davis60@hotmail.com,142,"Data Analysis","Public Service"
jackson.davis60@hotmail.com,210,Visualization,Business
jackson.davis60@hotmail.com,1032,"Policy Research",Science
jackson.davis60@hotmail.com,1467,Visualization,Science
jackson.davis60@hotmail.com,1968,"Public Study",Science
jackson.muller14@gmail.com,696,"Data Analysis",Government
jackson.muller14@gmail.com,1128,"Analytics Dashboard",Academic
jackson.muller14@gmail.com,1391,"Research Project",Government
jackson.muller14@gmail.com,1797,Visualization,"Public Service"
jackson.muller14@gmail.com,1867,"Public Study",Business
jackson.taylor87@gmail.com,506,"Public Study","Public Service"
jackson.taylor87@gmail.com,922,Visualization,Science
jackson.taylor87@gmail.com,1016,"Policy Research",Academic
jackson.taylor87@gmail.com,1237,"Public Study",Government
jackson.taylor87@gmail.com,1605,"Data Analysis",Science
jackson.white69@icloud.com,373,"Public Study","Public Service"
jackson.white69@icloud.com,754,"Research Project",Science
jackson.white69@icloud.com,983,"Public Study",Business
jackson.white69@icloud.com,1135,"Data Analysis",Business
jackson.white69@icloud.com,1502,"Analytics Dashboard",Government
james.martin19@icloud.com,237,"Policy Research",Academic
james.martin19@icloud.com,326,"Data Analysis","Public Service"
james.martin19@icloud.com,430,"Data Analysis",Science
james.martin19@icloud.com,981,"Analytics Dashboard",Government
james.martin19@icloud.com,1261,"Research Project",Business
jun.ali93@protonmail.com,116,"Data Analysis",Academic
jun.ali93@protonmail.com,128,"Data Analysis",Academic
jun.ali93@protonmail.com,1450,"Public Study","Public Service"
jun.ali93@protonmail.com,1889,"Analytics Dashboard",Business
jun.ali93@protonmail.com,1902,"Policy Research",Business
jun.lee17@protonmail.com,265,"Analytics Dashboard",Government
jun.lee17@protonmail.com,616,"Public Study",Business
jun.lee17@protonmail.com,1268,"Analytics Dashboard","Public Service"
jun.lee17@protonmail.com,1659,"Public Study",Government
jun.lee17@protonmail.com,1790,Visualization,"Public Service"
jun.moreno8@yahoo.com,92,"Public Study",Academic
jun.moreno8@yahoo.com,717,"Policy Research",Business
jun.moreno8@yahoo.com,736,"Public Study",Government
jun.moreno8@yahoo.com,1295,Visualization,"Public Service"
jun.moreno8@yahoo.com,1555,"Policy Research",Business
jun.wilson34@yahoo.com,452,"Data Analysis",Science
jun.wilson34@yahoo.com,918,"Public Study",Science
jun.wilson34@yahoo.com,1080,Visualization,"Public Service"
jun.wilson34@yahoo.com,1170,Visualization,Business
jun.wilson34@yahoo.com,1958,"Data Analysis",Academic
laura.ali47@yahoo.com,1190,Visualization,"Public Service"
laura.ali47@yahoo.com,1281,"Policy Research",Academic
laura.ali47@yahoo.com,1393,"Analytics Dashboard",Government
laura.ali47@yahoo.com,1591,"Public Study",Science
laura.ali47@yahoo.com,1766,"Analytics Dashboard",Government
leila.davis31@outlook.com,716,"Research Project",Science
leila.davis31@outlook.com,1026,"Analytics Dashboard","Public Service"
leila.davis31@outlook.com,1453,Visualization,Business
leila.davis31@outlook.com,1842,Visualization,Science
leila.davis31@outlook.com,1866,Visualization,"Public Service"
leila.kim48@icloud.com,485,Visualization,Science
leila.kim48@icloud.com,808,"Policy Research",Academic
leila.kim48@icloud.com,1034,"Policy Research",Academic
leila.kim48@icloud.com,1601,"Research Project",Academic
leila.kim48@icloud.com,1788,Visualization,"Public Service"
leila.tanaka82@hotmail.com,558,"Policy Research",Government
leila.tanaka82@hotmail.com,676,Visualization,Science
leila.tanaka82@hotmail.com,1130,"Public Study",Science
leila.tanaka82@hotmail.com,1510,"Analytics Dashboard","Public Service"
leila.tanaka82@hotmail.com,1772,"Policy Research",Science
liam.rossi65@hotmail.com,299,"Research Project",Business
liam.rossi65@hotmail.com,845,Visualization,"Public Service"
liam.rossi65@hotmail.com,975,"Policy Research","Public Service"
liam.rossi65@hotmail.com,1040,"Public Study",Government
liam.rossi65@hotmail.com,1979,"Data Analysis",Business
logan.ali24@yahoo.com,96,"Analytics Dashboard",Business
logan.ali24@yahoo.com,539,"Data Analysis",Government
logan.ali24@yahoo.com,876,"Analytics Dashboard",Academic
logan.ali24@yahoo.com,1112,"Data Analysis",Academic
logan.ali24@yahoo.com,1608,"Policy Research",Business
logan.lopez1@outlook.com,98,"Policy Research",Science
logan.lopez1@outlook.com,445,"Policy Research",Academic
logan.lopez1@outlook.com,860,"Policy Research","Public Service"
logan.lopez1@outlook.com,1371,"Policy Research",Science
logan.lopez1@outlook.com,1722,"Research Project","Public Service"
logan.walker67@outlook.com,532,"Policy Research",Business
logan.walker67@outlook.com,959,"Public Study",Science
logan.walker67@outlook.com,963,Visualization,Academic
logan.walker67@outlook.com,1091,"Analytics Dashboard","Public Service"
logan.walker67@outlook.com,1788,"Research Project",Government
logan.williams1@gmail.com,382,"Analytics Dashboard",Science
logan.williams1@gmail.com,589,"Analytics Dashboard",Academic
logan.williams1@gmail.com,1117,"Data Analysis",Government
logan.williams1@gmail.com,1515,"Research Project",Government
logan.williams1@gmail.com,1913,"Public Study",Government
logan.williams65@protonmail.com,251,"Policy Research",Business
logan.williams65@protonmail.com,1121,"Policy Research","Public Service"
logan.williams65@protonmail.com,1555,"Analytics Dashboard",Science
logan.williams65@protonmail.com,1645,"Research Project",Government
logan.williams65@protonmail.com,1874,"Research Project","Public Service"
lucas.williams54@hotmail.com,63,Visualization,Business
lucas.williams54@hotmail.com,496,"Analytics Dashboard","Public Service"
lucas.williams54@hotmail.com,972,"Research Project",Government
lucas.williams54@hotmail.com,1018,"Research Project",Government
lucas.williams54@hotmail.com,1959,"Analytics Dashboard",Government
mason.patel84@yahoo.com,472,"Public Study",Science
mason.patel84@yahoo.com,602,"Policy Research","Public Service"
mason.patel84@yahoo.com,878,"Data Analysis","Public Service"
mason.patel84@yahoo.com,1173,"Analytics Dashboard",Business
mason.patel84@yahoo.com,1524,"Data Analysis",Government
mason.singh73@yahoo.com,1265,"Data Analysis","Public Service"
mason.singh73@yahoo.com,1382,"Public Study","Public Service"
mason.singh73@yahoo.com,1710,Visualization,Government
mason.singh73@yahoo.com,1711,"Analytics Dashboard",Government
mason.singh73@yahoo.com,1846,"Analytics Dashboard",Science
mason.taylor21@yahoo.com,268,"Analytics Dashboard",Business
mason.taylor21@yahoo.com,653,"Data Analysis",Academic
mason.taylor21@yahoo.com,888,"Data Analysis","Public Service"
mason.taylor21@yahoo.com,1711,"Policy Research",Academic
mason.taylor21@yahoo.com,1810,"Data Analysis",Government
mateo.brown98@outlook.com,813,"Analytics Dashboard",Academic
mateo.brown98@outlook.com,857,"Policy Research",Business
mateo.brown98@outlook.com,881,"Policy Research",Business
mateo.brown98@outlook.com,1712,"Data Analysis",Government
mateo.brown98@outlook.com,1874,"Public Study",Academic
mateo.diallo28@outlook.com,423,"Policy Research",Academic
mateo.diallo28@outlook.com,596,"Policy Research",Business
mateo.diallo28@outlook.com,770,"Data Analysis",Academic
mateo.diallo28@outlook.com,1018,"Research Project",Business
mateo.diallo28@outlook.com,1035,"Policy Research","Public Service"
mei.ali9@icloud.com,706,"Research Project",Academic
mei.ali9@icloud.com,758,"Public Study",Business
mei.ali9@icloud.com,1576,"Analytics Dashboard",Academic
mei.ali9@icloud.com,1581,"Policy Research",Academic
mei.ali9@icloud.com,1680,"Policy Research","Public Service"
mei.park33@outlook.com,116,"Analytics Dashboard",Science
mei.park33@outlook.com,627,"Data Analysis",Business
mei.park33@outlook.com,744,Visualization,Government
mei.park33@outlook.com,878,"Data Analysis",Academic
mei.park33@outlook.com,1094,"Analytics Dashboard",Academic
mia.dubois81@icloud.com,73,"Public Study",Business
mia.dubois81@icloud.com,77,"Analytics Dashboard",Business
mia.dubois81@icloud.com,603,"Policy Research",Science
mia.dubois81@icloud.com,748,"Policy Research","Public Service"
mia.dubois81@icloud.com,1674,"Research Project",Business
mia.jackson30@gmail.com,200,"Policy Research",Academic
mia.jackson30@gmail.com,882,"Data Analysis",Government
mia.jackson30@gmail.com,996,"Policy Research",Academic
mia.jackson30@gmail.com,1260,Visualization,Academic
mia.jackson30@gmail.com,1385,"Research Project",Science
mia.thomas17@icloud.com,288,"Policy Research",Government
mia.thomas17@icloud.com,1006,"Research Project",Business
mia.thomas17@icloud.com,1016,"Public Study",Government
mia.thomas17@icloud.com,1281,"Analytics Dashboard",Science
mia.thomas17@icloud.com,1331,"Analytics Dashboard",Government
mia.walker14@protonmail.com,697,"Research Project",Government
mia.walker14@protonmail.com,1175,Visualization,Science
mia.walker14@protonmail.com,1274,Visualization,Science
mia.walker14@protonmail.com,1501,"Analytics Dashboard",Science
mia.walker14@protonmail.com,1634,"Data Analysis","Public Service"
mia.wilson12@gmail.com,663,"Research Project",Academic
mia.wilson12@gmail.com,687,Visualization,Government
mia.wilson12@gmail.com,882,Visualization,Business
mia.wilson12@gmail.com,909,"Public Study","Public Service"
mia.wilson12@gmail.com,1840,"Data Analysis",Business
mohamed.singh34@protonmail.com,533,"Analytics Dashboard","Public Service"
mohamed.singh34@protonmail.com,925,Visualization,"Public Service"
mohamed.singh34@protonmail.com,1046,"Policy Research",Business
mohamed.singh34@protonmail.com,1221,"Public Study",Government
mohamed.singh34@protonmail.com,1821,"Policy Research",Government
nina.thomas44@yahoo.com,521,"Public Study",Science
nina.thomas44@yahoo.com,893,"Analytics Dashboard",Business
nina.thomas44@yahoo.com,970,Visualization,Business
nina.thomas44@yahoo.com,1332,"Public Study",Science
nina.thomas44@yahoo.com,1611,"Policy Research",Science
oliver.dubois74@protonmail.com,190,"Data Analysis",Government
oliver.dubois74@protonmail.com,325,Visualization,Academic
oliver.dubois74@protonmail.com,764,"Data Analysis",Academic
oliver.dubois74@protonmail.com,1791,"Policy Research",Business
oliver.dubois74@protonmail.com,1818,"Public Study","Public Service"
priya.ahmed14@hotmail.com,105,"Research Project","Public Service"
priya.ahmed14@hotmail.com,295,"Research Project","Public Service"
priya.ahmed14@hotmail.com,1416,"Policy Research",Science
priya.ahmed14@hotmail.com,1538,Visualization,Academic
priya.ahmed14@hotmail.com,1988,"Public Study",Science
raj.ahmed52@yahoo.com,409,"Analytics Dashboard",Government
raj.ahmed52@yahoo.com,672,Visualization,"Public Service"
raj.ahmed52@yahoo.com,742,"Research Project",Academic
raj.ahmed52@yahoo.com,1402,Visualization,Business
raj.ahmed52@yahoo.com,1575,Visualization,Academic
raj.patel12@protonmail.com,81,Visualization,Science
raj.patel12@protonmail.com,847,"Public Study",Government
raj.patel12@protonmail.com,1597,Visualization,"Public Service"
raj.patel12@protonmail.com,1657,"Data Analysis",Academic
raj.patel12@protonmail.com,1849,"Policy Research",Government
raj.reyes25@gmail.com,321,"Research Project",Science
raj.reyes25@gmail.com,680,"Public Study",Science
raj.reyes25@gmail.com,757,"Policy Research",Business
raj.reyes25@gmail.com,957,"Data Analysis",Government
raj.reyes25@gmail.com,989,"Public Study",Academic
sara.martin51@icloud.com,551,"Data Analysis",Business
sara.martin51@icloud.com,665,"Policy Research",Academic
sara.martin51@icloud.com,1112,"Analytics Dashboard",Academic
sara.martin51@icloud.com,1142,"Analytics Dashboard",Academic
sara.martin51@icloud.com,1392,"Public Study",Science
sofia.garcia21@hotmail.com,143,"Analytics Dashboard",Academic
sofia.garcia21@hotmail.com,207,"Policy Research",Government
sofia.garcia21@hotmail.com,245,Visualization,"Public Service"
sofia.garcia21@hotmail.com,594,"Data Analysis",Science
sofia.garcia21@hotmail.com,686,"Research Project","Public Service"
sofia.okonkwo99@icloud.com,423,"Data Analysis",Science
sofia.okonkwo99@icloud.com,1268,"Research Project","Public Service"
sofia.okonkwo99@icloud.com,1306,"Policy Research","Public Service"
sofia.okonkwo99@icloud.com,1483,"Data Analysis",Academic
sofia.okonkwo99@icloud.com,1677,"Research Project",Science
sofia.smith28@icloud.com,577,"Policy Research","Public Service"
sofia.smith28@icloud.com,892,"Analytics Dashboard",Business
sofia.smith28@icloud.com,1315,"Data Analysis",Business
sofia.smith28@icloud.com,1830,"Public Study",Government
sofia.smith28@icloud.com,1899,"Research Project","Public Service"
sofia.tanaka97@outlook.com,227,Visualization,"Public Service"
sofia.tanaka97@outlook.com,824,"Policy Research",Business
sofia.tanaka97@outlook.com,1125,Visualization,Government
sofia.tanaka97@outlook.com,1476,"Policy Research",Business
sofia.tanaka97@outlook.com,1558,"Data Analysis",Government
sofia.white98@hotmail.com,560,"Analytics Dashboard",Science
sofia.white98@hotmail.com,1537,Visualization,"Public Service"
sofia.white98@hotmail.com,1656,"Public Study",Government
sofia.white98@hotmail.com,1729,"Policy Research",Academic
sofia.white98@hotmail.com,1882,"Analytics Dashboard",Academic
sofia.williams99@protonmail.com,608,"Data Analysis",Academic
sofia.williams99@protonmail.com,867,"Public Study",Academic
sofia.williams99@protonmail.com,1046,Visualization,Government
sofia.williams99@protonmail.com,1082,"Data Analysis",Science
sofia.williams99@protonmail.com,1592,"Research Project",Government
tariq.taylor1@yahoo.com,110,"Data Analysis","Public Service"
tariq.taylor1@yahoo.com,332,"Policy Research",Academic
tariq.taylor1@yahoo.com,619,"Research Project",Business
tariq.taylor1@yahoo.com,1718,"Research Project",Business
tariq.taylor1@yahoo.com,1949,"Public Study",Academic
tariq.walker98@gmail.com,176,"Public Study",Science
tariq.walker98@gmail.com,551,"Public Study",Academic
tariq.walker98@gmail.com,662,"Public Study",Academic
tariq.walker98@gmail.com,935,"Data Analysis",Business
tariq.walker98@gmail.com,1495,"Data Analysis",Business
wei.muller27@outlook.com,1236,"Public Study",Business
wei.muller27@outlook.com,1315,"Policy Research",Business
wei.muller27@outlook.com,1380,Visualization,Science
wei.muller27@outlook.com,1652,"Policy Research",Science
wei.muller27@outlook.com,2000,"Policy Research",Academic
zoe.moreno11@outlook.com,106,"Data Analysis",Business
zoe.moreno11@outlook.com,1010,"Public Study","Public Service"
zoe.moreno11@outlook.com,1035,"Policy Research",Business
zoe.moreno11@outlook.com,1462,"Data Analysis","Public Service"
zoe.moreno11@outlook.com,1594,"Data Analysis",Academic
zoe.reyes37@hotmail.com,439,"Public Study",Business
zoe.reyes37@hotmail.com,522,Visualization,"Public Service"
zoe.reyes37@hotmail.com,533,"Policy Research",Academic
zoe.reyes37@hotmail.com,1406,"Research Project",Science
zoe.reyes37@hotmail.com,1527,"Policy Research",Government
zoe.smith85@gmail.com,283,"Analytics Dashboard",Business
zoe.smith85@gmail.com,1397,"Analytics Dashboard",Science
zoe.smith85@gmail.com,1601,"Public Study",Academic
zoe.smith85@gmail.com,1768,"Data Analysis",Academic
zoe.smith85@gmail.com,1847,"Policy Research","Public Service"
